{"cameraMode":{"drawMode":0,"name":"Shaded","section":"Shading Mode"},"sceneLighting":true,"audioPlay":false,"sceneViewState":{"showFog":true,"showMaterialUpdate":false,"showSkybox":false,"showFlares":true,"showImageEffects":true,"showParticleSystems":true},"in2DMode":false,"pivot":{"x":-1.8770790100097657,"y":-0.8842678070068359,"z":-2.9579951763153078},"rotation":{"x":-0.35566502809524538,"y":0.5039060115814209,"z":-0.23895825445652009,"w":-0.7500011324882507},"size":5.89875602722168,"orthographic":false}