{"cameraMode":{"drawMode":0,"name":"Shaded","section":"Shading Mode"},"sceneLighting":false,"audioPlay":false,"sceneViewState":{"showFog":true,"showMaterialUpdate":false,"showSkybox":true,"showFlares":true,"showImageEffects":true,"showParticleSystems":true},"in2DMode":false,"pivot":{"x":-24.659399032592775,"y":-72.48834991455078,"z":90.96446990966797},"rotation":{"x":-0.3843015134334564,"y":0.01549606118351221,"z":-0.006431306712329388,"w":-0.9230833649635315},"size":57.32950210571289,"orthographic":false}